item_id,family,perishable,shelf_life_days,mean_daily_demand,std_daily_demand,safety_stock_units,reorder_point_units
1000,PRODUCE,1,3,30.265753424657536,11.874483437903969,28,89
1001,PRODUCE,1,6,38.58082191780822,14.671949928595392,35,113
1002,PRODUCE,1,5,41.15068493150685,15.083168001025593,25,67
1003,PRODUCE,1,6,20.71232876712329,8.174402979266398,20,62
1004,PRODUCE,1,5,46.87671232876713,17.597097354830126,42,136
1005,PRODUCE,1,4,42.64109589041096,15.98350657121923,27,70
1006,PRODUCE,1,4,34.56986301369863,13.768840089083957,33,103
1007,PRODUCE,1,3,44.1945205479452,18.6445340840634,44,133
1008,MEATS,1,3,14.978082191780821,6.0931019945757425,18,63
1009,MEATS,1,5,24.96712328767123,9.684246508534113,23,73
1010,MEATS,1,5,17.17808219178082,7.461517510845535,18,53
1011,MEATS,1,3,11.161643835616438,4.563791745092961,8,20
1012,MEATS,1,5,26.216438356164385,11.211981102681024,33,112
1013,MEATS,1,5,15.021917808219179,5.636377299219772,10,26
1014,POULTRY,1,4,13.364383561643836,5.454743118593113,13,40
1015,POULTRY,1,2,15.794520547945206,5.343062936319602,9,25
1016,POULTRY,1,4,28.46301369863014,12.496895294094854,21,50
1017,POULTRY,1,3,17.397260273972602,7.030427835502133,17,52
1018,SEAFOOD,1,2,9.265753424657534,3.6378738499052945,7,17
1019,SEAFOOD,1,3,12.531506849315068,5.132017487538212,12,38
1020,SEAFOOD,1,3,5.024657534246575,2.190625683484573,4,10
1021,SEAFOOD,1,1,12.43013698630137,5.28305098673446,9,22
1022,DAIRY,1,9,21.12876712328767,8.419128525221051,20,63
1023,DAIRY,1,13,13.515068493150684,5.626948288548515,17,58
1024,DAIRY,1,10,20.983561643835618,8.742328091913311,21,63
1025,DAIRY,1,12,28.54794520547945,11.358592013293807,27,85
1026,DAIRY,1,11,23.183561643835617,8.708764905596102,21,68
1027,DAIRY,1,11,11.123287671232877,4.698448438894693,8,20
1028,BAKERY,1,4,22.958904109589042,9.438986192075207,16,39
1029,BAKERY,1,2,18.731506849315068,7.717841409349541,13,32
1030,BAKERY,1,4,20.723287671232878,8.121848848751307,19,61
1031,BAKERY,1,2,26.52054794520548,10.634938259662972,18,45
1032,BAKERY,1,4,23.36986301369863,8.827259928104878,21,68
1033,EGGS,1,30,10.597260273972603,4.405851896605084,13,45
1034,EGGS,1,22,18.515068493150686,8.02728299717435,27,102
1035,GROCERY_DRY,0,106,7.619178082191781,3.0831274944074307,11,42
1036,GROCERY_DRY,0,259,16.23013698630137,6.5943424996857125,25,107
1037,GROCERY_DRY,0,117,11.016438356164384,4.353191758771332,20,98
1038,GROCERY_DRY,0,213,10.904109589041095,4.5698618043693795,17,72
1039,GROCERY_DRY,0,204,7.2246575342465755,2.8330749041659278,9,31
1040,GROCERY_DRY,0,156,16.838356164383562,6.896699125584816,31,149
1041,GROCERY_DRY,0,254,20.73972602739726,8.535361798051323,32,136
1042,GROCERY_DRY,0,137,12.356164383561644,4.993869491724461,21,96
1043,GROCERY_DRY,0,219,6.498630136986302,2.736228913627402,8,28
1044,GROCERY_DRY,0,113,8.443835616438356,3.3033859710912865,15,75
1045,GROCERY_DRY,0,172,14.934246575342465,5.432002726467676,22,112
1046,GROCERY_DRY,0,173,17.80821917808219,6.594323096018737,27,134
1047,BEVERAGES,0,330,25.052054794520547,9.680047872308075,43,219
1048,BEVERAGES,0,154,31.326027397260273,12.855516062803764,48,205
1049,BEVERAGES,0,263,24.336986301369862,9.47024702976416,28,102
1050,BEVERAGES,0,164,20.687671232876713,7.90645766817531,35,180
1051,BEVERAGES,0,241,13.495890410958904,5.743425251044087,26,121
1052,BEVERAGES,0,315,41.41095890410959,16.63343945622526,68,317
1053,BEVERAGES,0,161,21.882191780821916,9.54111033327309,42,196
