item_id,item_name,family,perishable,shelf_life_days,base_demand,unit_price
1000,Produce Item 1,PRODUCE,1,3,28.16635319256157,3.12
1001,Produce Item 2,PRODUCE,1,6,35.92104087178092,1.05
1002,Produce Item 3,PRODUCE,1,5,37.83419105971059,2.92
1003,Produce Item 4,PRODUCE,1,6,18.843408980266375,2.02
1004,Produce Item 5,PRODUCE,1,5,42.80294966545806,2.54
1005,Produce Item 6,PRODUCE,1,4,39.682848398124904,2.0
1006,Produce Item 7,PRODUCE,1,4,31.637543610475046,0.97
1007,Produce Item 8,PRODUCE,1,3,39.82893515977746,2.51
1008,Meats Item 1,MEATS,1,3,14.026941458207762,11.77
1009,Meats Item 2,MEATS,1,5,23.183059062477362,10.23
1010,Meats Item 3,MEATS,1,5,15.934257063359581,4.35
1011,Meats Item 4,MEATS,1,3,10.622921365148313,9.46
1012,Meats Item 5,MEATS,1,5,24.44766545138157,6.61
1013,Meats Item 6,MEATS,1,5,14.29781500259277,7.76
1014,Poultry Item 1,POULTRY,1,4,12.598430106709433,4.16
1015,Poultry Item 2,POULTRY,1,2,14.538186981017683,4.84
1016,Poultry Item 3,POULTRY,1,4,26.65356392115675,4.95
1017,Poultry Item 4,POULTRY,1,3,16.24733282764082,5.41
1018,Seafood Item 1,SEAFOOD,1,2,8.874783790301745,9.46
1019,Seafood Item 2,SEAFOOD,1,3,11.824955039749755,7.68
1020,Seafood Item 3,SEAFOOD,1,3,5.073622697510055,15.44
1021,Seafood Item 4,SEAFOOD,1,1,11.648508565920322,14.46
1022,Dairy Item 1,DAIRY,1,9,19.1783155107668,4.27
1023,Dairy Item 2,DAIRY,1,13,12.795939962553149,2.46
1024,Dairy Item 3,DAIRY,1,10,19.42192412286265,4.26
1025,Dairy Item 4,DAIRY,1,12,25.29997714832051,4.54
1026,Dairy Item 5,DAIRY,1,11,21.18414321490827,3.22
1027,Dairy Item 6,DAIRY,1,11,10.616356691358789,3.75
1028,Bakery Item 1,BAKERY,1,4,21.39615880566663,4.49
1029,Bakery Item 2,BAKERY,1,2,17.38060817490284,1.7
1030,Bakery Item 3,BAKERY,1,4,18.752656428633724,3.82
1031,Bakery Item 4,BAKERY,1,2,24.811739503849402,4.24
1032,Bakery Item 5,BAKERY,1,4,21.346897813121622,4.35
1033,Eggs Item 1,EGGS,1,30,10.003675038892446,2.55
1034,Eggs Item 2,EGGS,1,22,16.668312207157403,3.42
1035,Grocery Dry Item 1,GROCERY_DRY,0,106,7.419076685504027,4.51
1036,Grocery Dry Item 2,GROCERY_DRY,0,259,15.44480562616604,4.12
1037,Grocery Dry Item 3,GROCERY_DRY,0,117,10.715318391447237,3.11
1038,Grocery Dry Item 4,GROCERY_DRY,0,213,10.427189158300855,1.61
1039,Grocery Dry Item 5,GROCERY_DRY,0,204,6.77008853180773,7.73
1040,Grocery Dry Item 6,GROCERY_DRY,0,156,15.495607007161244,2.86
1041,Grocery Dry Item 7,GROCERY_DRY,0,254,19.53764566021586,6.45
1042,Grocery Dry Item 8,GROCERY_DRY,0,137,11.740422532156831,2.91
1043,Grocery Dry Item 9,GROCERY_DRY,0,219,6.445864432302489,7.32
1044,Grocery Dry Item 10,GROCERY_DRY,0,113,8.035450471928455,3.14
1045,Grocery Dry Item 11,GROCERY_DRY,0,172,13.688293534128439,2.24
1046,Grocery Dry Item 12,GROCERY_DRY,0,173,16.37779294752815,6.04
1047,Beverages Item 1,BEVERAGES,0,330,22.96279119325311,6.65
1048,Beverages Item 2,BEVERAGES,0,154,29.4953980466446,1.76
1049,Beverages Item 3,BEVERAGES,0,263,22.47422206511829,1.37
1050,Beverages Item 4,BEVERAGES,0,164,19.89583636998356,2.3
1051,Beverages Item 5,BEVERAGES,0,241,13.102089031676549,6.29
1052,Beverages Item 6,BEVERAGES,0,315,37.75360355130391,6.23
1053,Beverages Item 7,BEVERAGES,0,161,20.406094136045112,6.32
